Region,Office PBI,Project Title,Transparency Portal,Country TRANSPARENCY,Budget,Expenses from TP,EXPENSES without minos
RBAP,Regional Bureau for Asia and the Pacific,Achieving 2030 Agenda for Sustainable Development in AP,https://open.undp.org/projects/00112026,LAO; KHM,107546496,82136512,82136512
RBAS,Sudan,Sudan Common Humanitarian Fund 2010,https://open.undp.org/projects/00059485,SDN,107581780,72160274,72160274
RBAP,Pakistan,Stabilization and Development Programme,https://open.undp.org/projects/00088875,PAK,96357480,69846078,69846078
RBAP,Bangladesh,Inception Phase - National Urban Poverty Reduction Programme,https://open.undp.org/projects/00084928,BGD,73405999,66530540,66530540
RBA,Togo,AccÃ©lÃ©rer leur accÃ¨s aux services sociaux et Ã©conomiques Ã  la base.,https://open.undp.org/projects/00105760,TGO,164780824,56326200,56326200
RBAS,Jordan,Mitigating the impact of the Syrian refugee crisis on Jo,https://open.undp.org/projects/00072487,JOR,65973752,56150293,56150293
RBA,Nigeria,Stabilization Facility-Nigeria Window,https://open.undp.org/projects/00123140,NGA,60495274,52666236,52666236
RBAS,Lebanon,Increasing Access to Water in Host-Communities,https://open.undp.org/projects/00077399,LBN,53761718,50940094,50940094
RBAS,Morocco,POS - Programme Oasis du Sud Guelmim-Assa-Tata,https://open.undp.org/projects/00043456,MAR,47204944,43098024,43098024
RBAS,Prog for Palestinian People,Construction of Sewage Treatment Plant in Khan Younis,https://open.undp.org/projects/00041529,PSE,45594252,42459983,42459983
RBLAC,Ecuador,Green Climate Fund,https://open.undp.org/projects/00100778,ECU,41186636,36573115,36573115
RBA,Nigeria,Integrated Community Stabilization,https://open.undp.org/projects/00108936,NGA,47156930,34077924,34077924
RBAS,Sudan,Support humanitarian work in Sudan 2013,https://open.undp.org/projects/00073565,SDN,59613777,32761788,32761788
RBAS,Sudan,Darfur Development Strategy (DDS) FaST Projects,https://open.undp.org/projects/00086522,SDN,47285782,31737069,31737069
RBAS,Syria,Electricity and Energy Support,https://open.undp.org/projects/00113007,SYR,45841893,31032924,31032924
RBAP,Indonesia,GCF - Indonesia REDD+ Results Based Payment,https://open.undp.org/projects/00129343,IDN,32508617,30908436,30908436
RBAS,Lebanon,Palestinian Gatherings Host Communities 2,https://open.undp.org/projects/00093058,LBN,31701514,29303004,29303004
RBAS,Syria,Rehabilitation of Social Services and Infrastructure,https://open.undp.org/projects/00113685,SYR,44445858,28856454,28856454
RBAS,Sudan,Support humanitarian work in Sudan 2014,https://open.undp.org/projects/00078929,SDN,39125658,26058975,26058975
RBA,Kenya,2KEN012/205 Integrated support to Devolution,https://open.undp.org/projects/00068057,KEN,25739269,25456569,25456569
RBAP,Bangladesh,Disaster Response and Recovery Facility (DRRF),https://open.undp.org/projects/00113842,BGD,36939197,25070983,25070983
RBEC,Bosnia and Herzegovina,Mainstreaming Green Environmental Development,https://open.undp.org/projects/00048025,BIH,29752153,24718685,24718685
RBAP,Samoa,Green Climate Fund Vaisigano River Catchment,https://open.undp.org/projects/00098736,WSM,37175885,23965907,23965907
,,Capacity Development and Related Services for an Integrated Sustainable Development and Management of the Water Sector in the Kingdom of Saudi Arabia in the framework of the VISION 2030,https://open.undp.org/projects/00107640,SAU,30001122,23364014,23364014
RBEC,Serbia,Accelerated Delivery Initiative,https://open.undp.org/projects/00102693,SRB,25068511,22427243,22427243
RBAP,Maldives,GCF-Managing climate change induced water shortages,https://open.undp.org/projects/00094293,MDV,32728492,22077165,22077165
RBLAC,Haiti,Programme de RelÃ¨vement ImmÃ©diat,https://open.undp.org/projects/00050968,HTI,24524433,21846655,21846655
RBLAC,Argentina,Bosques Nativos y Comunidad,https://open.undp.org/projects/00090603,ARG,71889659,21317307,21317307
RBAP,Sri Lanka,Integrated Water Management,https://open.undp.org/projects/00057445,LKA,38156107,20300330,20300330
RBLAC,Colombia,Apoyo GestiÃ³n Espacios Territoriales,https://open.undp.org/projects/00109421,COL,24110119,20026334,20026334
RBAP,Indonesia,Prog. for EQ & Tsunami Infrastruc. Recon. Asst. (PETRA),https://open.undp.org/projects/00116311,IDN,28090478,19835507,19835507
RBAS,Syria,Agricultural Livelihoods and Rural Development,https://open.undp.org/projects/00113008,SYR,24136391,18516589,18516589
RBAS,Somalia,Enhancing Climate Resilience of Vulnerable Communities,https://open.undp.org/projects/00084974,SOM,21792773,18153766,18153766
RBAP,Nepal,Livelihood Recovery for Peace,https://open.undp.org/projects/00057322,NPL,19592397,17863585,17863585
RBAS,Sudan,Common Humanitarian Fund 2015,https://open.undp.org/projects/00088037,SDN,30420787,17549275,17549275
RBAS,Egypt,Enhancing Climate Change Adaptation in the NC & ND,https://open.undp.org/projects/00098798,EGY,20155040,17459552,17459552
RBLAC,Haiti,Programme de relÃ¨vement post-Matthew,https://open.undp.org/projects/00099905,HTI,21181778,17437507,17437507
RBA,Comoros,Ensuring climate resilient water Comoros -PIMS-5740-GCF,https://open.undp.org/projects/00102496,COM,25055892,16637005,16637005
RBAS,Syria,Rehabilitation and livelihoods opportunities to PWD,https://open.undp.org/projects/00118353,SYR,23765962,15724837,15724837
Global,HQ Unit,UNDP Capacity Development Network for Water Management,https://open.undp.org/projects/00044301,GLOBAL,17870584,15621988,15621988
RBAP,Samoa,Pacific Adaptation to Climate Change (PACC) Full Size,https://open.undp.org/projects/00051000,WSM; COK; FSM; FJI; MHL; NRU; PLW; NIU; PNG; SLB; TON; TUV; VUT,18024316,15599475,15599475
RBAP,Pakistan,Scaling-up of GLOF Risk Reduction in North Pakistan,https://open.undp.org/projects/00102590,PAK,38558648,15167442,15167442
RBLAC,Cuba,BASES AMBIENTALES PARA LA SOSTENIBILIDAD ALIMENTARIA,https://open.undp.org/projects/00066401,CUB,18555014,14920283,14920283
RBLAC,Haiti,Appui Ã  la gestion opÃ©rationnelle des Projets PPI,https://open.undp.org/projects/00090651,HTI,14017873,13580801,13580801
RBAP,China,Water Resources Management,https://open.undp.org/projects/00047419,CHN,17549550,13524055,13524055
,,Communities development programme in Tajikistan,https://open.undp.org/projects/00014911,TJK,14670342,13455588,13455588
RBA,Côte d’Ivoire,APPUI REDUCTION PAUVRETE/Objectifs millenaire pour developpement,https://open.undp.org/projects/00058208,CIV,14359675,13319596,13319596
,,Sustainable Rehabilitation of war victims in Burundi,https://open.undp.org/projects/00039512,BDI,16359061,13213775,13213775
RBA,Mali,Renforcemt de la rÃ©silience des groupes de femmes au CC,https://open.undp.org/projects/00082341,MLI,13728790,13062244,13062244
RBAP,Bhutan,Enhancing Sustainable Resilient livelihood,https://open.undp.org/projects/00080725,BTN,14260421,12629747,12629747
,,"Projet de Renforcement des capacités et de résilience du secteur agricole aux changements climatiques aux Comores , CRCCA",https://pims.undp.org/project/view?id=4926,COM,12936420,12283340,12283340
RBA,Malawi,Modernized Climate (M-CLIMES),https://open.undp.org/projects/00102187,MWI,13068073,12074960,12074960
RBEC,Republic of Moldova,Support to Confidence Building Measures Programme IV,https://open.undp.org/projects/00081246,MDA,11901819,11791807,11791807
RBEC,Georgia,Multi Hazard Early Warning,https://open.undp.org/projects/00094354,GEO,16958614,11556395,11556395
Global,HQ Unit,UNDP Water Governance Support Programme,https://open.undp.org/projects/00050169,BPPS,16524303,11361125,11361125
RBA,Burundi,Decentralisation et DÃ©veloppement Economique local,https://open.undp.org/projects/00118190,BDI,12731027,11323094,11323094
RBEC,Republic of Moldova,Confidence Building Measures Programme V (CBM V),https://open.undp.org/projects/00101999,MDA,14145869,11219801,11219801
RBLAC,Colombia,Resiliencia climÃ¡tica en la Mojana - Clima y Vida,https://open.undp.org/projects/00112383,COL,27087694,11139402,11139402
RBEC,Bosnia and Herzegovina,Country Infrastructure Development Initiative,https://open.undp.org/projects/00110653,BIH,16846984,10937832,10937832
RBAS,Prog for Palestinian People,Wastewater Management,https://open.undp.org/projects/00099404,PSE,12250684,10740502,10740502
RBA,Uganda,Building Resilient Communities Wetland Ecosystems and As,https://open.undp.org/projects/00104372,UGA,18625697,10621440,10621440
RBAP,Philippines,Scaling Up Implementation of the Sustainable Development,https://open.undp.org/projects/00076225,PHL; KHM; CHN; IDN; THA; TLS; VNM,11439663,10601526,10601526
RBEC,Republic of Moldova,Support Local Development,https://open.undp.org/projects/00089235,MDA,10612322,10404910,10404910
RBAS,Libya,Resilience of Local Communities,https://open.undp.org/projects/00101890,LBY,14014658,10375621,10375621
RBA,Congo Brazzaville,Changements climatiques,https://open.undp.org/projects/00045154,COG,12451218,10307022,10307022
RBEC,Tajikistan,(JPN) Strengthening Disaster Risk Reduction (DRR) and Re,https://open.undp.org/projects/00089898,TJK,12972868,10089230,10089230
RBA,Ethiopia,Integrated Landscape Mgt IAP,https://open.undp.org/projects/00097070,ETH,11557645,10024914,10024914
RBA,Benin,preservation and development of gallery forests and productionof digital base mapping,https://open.undp.org/projects/00071263,BEN,10216325,9991477,9991477
RBA,Rwanda,Support to Sustainable ENV Management and DRM,https://open.undp.org/projects/00078743,RWA,10278328,9972055,9972055
RBLAC,Haiti,Adaptation basÃ©e sur les Ã©cosystÃ¨mes,https://open.undp.org/projects/00081100,HTI,10489389,9939447,9939447
RBA,Kenya,4KEN Support to GOK in Enhancing Capacity for LED,https://open.undp.org/projects/00083697,KEN,11019166,9867959,9867959
RBA,Ethiopia,Climate Resilient Green Economy Programm.,https://open.undp.org/projects/00066813,ETH,10934934,9838508,9838508
,,Global Disaster Risk Reduction Mainstreaming Initiative,https://open.undp.org/projects/00040320,GLOBAL,15386040,9792040,9792040
RBA,Guinea,PIMS:5176-ADAPTATION BASEE-Ã‰COSYSTÃˆMES (AbE) Haute Guin,https://open.undp.org/projects/00092295,GIN,9802479,9631517,9631517
RBAP,Philippines,Enabling Regions X and XI to Cope with Climate Change,https://open.undp.org/projects/00065172,PHL,10266905,9305205,9305205
RBAP,Fiji,Regional Ridge to Reef - Pacific Island Countries (PICs),https://open.undp.org/projects/00084701,FJI; COK; FSM; KIR; NRU; NIU; LPW; PNG; MHL; WSM; SLB; TON; TUV; VUT,12937439,9158964,9158964
RBEC,Georgia,COBERM4/DIALOGUE,https://open.undp.org/projects/00113230,GEO,9608756,9155316,9155316
RBAS,Lebanon,Covid-19 Response in Palestinian Camps,https://open.undp.org/projects/00131623,LBN,11089157,9110712,9110712
RBEC,Bosnia and Herzegovina,Flood recovery - Housing RS,https://open.undp.org/projects/00083429,BIH,10484973,9028040,9028040
RBA,Benin,Millenium Villages project,https://open.undp.org/projects/00061195,BEN,9916334,8981314,8981314
RBA,Mali,Gestion des risques dinondations et climatiques,https://open.undp.org/projects/00095070,MLI,9940407,8796800,8796800
RBA,Lesotho,Reducing vulnerability from climate change,https://open.undp.org/projects/00084520,LSO,11811376,8780247,8780247
RBEC,Bosnia and Herzegovina,Local Integrated Development,https://open.undp.org/projects/00080519,BIH,10351072,8740317,8740317
RBA,Mali,Adaptation Changements Climatiques Mopti/ Tombouctou,https://open.undp.org/projects/00064182,MLI,8874124,8737510,8737510
RBA,Ethiopia,REDD+ investment in Ethiopia GOE,https://open.undp.org/projects/00105654,ETH,15306680,8431850,8431850
RBAP,Pakistan,Climate Change Adaptation & Mitigation-II,https://open.undp.org/projects/00075411,PAK,11849502,8345635,8345635
RBEC,Kazakhstan,Supporting Kazakhstanâ€™s Transition to a Green Economy,https://open.undp.org/projects/00086627,KAZ,9316196,8151172,8151172
RBEC,Republic of North Macedonia,Improving Resilience to Floods in the Polog Region,https://open.undp.org/projects/00105396,MKD,13089096,8048882,8048882
,,Conservation of Iranian Wetlands,https://open.undp.org/projects/00038436,IRN,9724616,7929247,7929247
RBAP,Myanmar,Climate Change Risks-Water Resources & Food Security DZ,https://open.undp.org/projects/00079682,MMR,8050182,7899681,7899681
Global,HQ Unit,Global Water and Ocean Governance Support Programme,https://open.undp.org/projects/00115482,BPPS,11457786,7820662,7820662
RBAP,Papua New Guinea,Climate Resilient Communities in PNG,https://open.undp.org/projects/00059799,PNG,11281998,7625542,7625542
RBLAC,Colombia,Desarrollo sostenible e incluyente Antioquia,https://open.undp.org/projects/00080782,COL,11135848,7605499,7605499
RBA,Ghana,Increased Resilience to Climate Change in Northern Ghana,https://open.undp.org/projects/00089037,GHA,9447188,7587022,7587022
RBAP,Fiji,Ridge to Reef (R2R),https://open.undp.org/projects/00083111,FJI,9820444,7536974,7536974
RBAP,Nepal,Community Based Flood and Glacial Lake Risk Redcution,https://open.undp.org/projects/00069781,NPL,8145855,7462564,7462564
RBA,Angola,Promoting climate-resilient development and enhanced adaptive capacity to withstand disaster risks in Angolanâ€™s Cuvelai River Basin,https://open.undp.org/projects/00081003,AGO,16244131,7410009,7410009
RBLAC,Cuba," Incorporating multiple environmental considerations and their economic implications into the management of landscapes, forests and production sectors in Cuba",https://open.undp.org/projects/00094887,CUB,8362604,7233109,7233109
RBAP,Fiji,Solomon Islands Water Sector Adaptation Project,https://open.undp.org/projects/00078275,SLB,7710412,6969526,6969526
RBLAC,Venezuela (Bolivarian Republic of),FORTALECIMIENTO SISTEMA DE AREASPROTEGIDAS MARINOCOSTERA,https://open.undp.org/projects/00060168,VEN,14430959,6958934,6958934
,,GestiÃ³n Integrada Cuencas Contiguas,https://open.undp.org/projects/00097004,PAN,10906356,6955521,6955521
RBAS,Somalia,Integrated Water Resources Management Somalia,https://open.undp.org/projects/00114166,SOM,9020189,6835988,6835988
RBAS,Somalia,Resilience through Water-Env-DRM,https://open.undp.org/projects/00128746,SOM,8943772,6805709,6805709
RBAP,Myanmar,Strengthening COVID-19 Recovery and Resilient Livelihood,https://open.undp.org/projects/00130542,MMR,10128783,6686028,6686028
RBA,Rwanda,Strengthening Institutional Cap. of ENR Sector (MoE),https://open.undp.org/projects/00116275,RWA,7093048,6541838,6541838
RBEC,Uzbekistan,Sustainable Development of Mountain Ecosystems,https://open.undp.org/projects/00080814,UZB,7407536,6353258,6353258
RBA,South Africa,Orange-Senqu River Strategic Action,https://open.undp.org/projects/00100063,ZAF,7390969,6351316,6351316
RBAP,Indonesia,GEF - Forest Area Planning & Mgmt in Kalimantan (KALFOR),https://open.undp.org/projects/00085815,IDN,7711732,6349204,6349204
RBAP,Maldives,Low Emission Climate Resilient Development,https://open.undp.org/projects/00077340,MDV,7654922,6329648,6329648
RBEC,Turkmenistan,Energy Efficiency and Renewable Energy for Sustainable Water Management in Turkmenistan,https://open.undp.org/projects/00080840,TKM,6977817,6238860,6238860
RBA,Nigeria,Stabilisation of the Lake Chad Basin,https://open.undp.org/projects/00107828,NGA,7330250,6200970,6200970
RBEC,Uzbekistan,Sustainable Management of Water Resources in Rural Areas,https://open.undp.org/projects/00080810,UZB,6425457,5975382,5975382
RBEC,Turkey,Uplands Rural Development Programme,https://open.undp.org/projects/00113500,TUR,6667182,5964514,5964514
,,Programme for Accelerated Community Development (Phase 1),,GMB,7735362,5951045,5951045
RBA,Seychelles,Ecosystem Based Adaptation to Climate Change in Seychell,https://open.undp.org/projects/00080054,SYC,6732893,5941377,5941377
RBA,Ethiopia,Climate Change Adap Growth: Imp. CRGE in Highland Areas,https://open.undp.org/projects/00099399,ETH,6710894,5891189,5891189
RBLAC,Uruguay,URU/14/001 Fortalecimiento de la DirecciÃ³n Nacional de M,https://open.undp.org/projects/00079810,URY,9931619,5830724,5830724
RBAP,India,Mainstreaming Coastal & Marine Biodiversity Conservation,https://open.undp.org/projects/00060659,IND,6493194,5818120,5818120
RBEC,Tajikistan,DISASTER RISK MANAGEMENT PROGRAMME,https://open.undp.org/projects/00033396,TJK,5321860,5685662,5685662
RBAP,Papua New Guinea,PIMS5261 FSP Strengthen Protected Areas,https://open.undp.org/projects/00087986,PNG,6794395,5682502,5682502
RBA,Malawi,Climate Proofing Local Development Gains in Rural and Urban Areas - PIMS 4508,https://open.undp.org/projects/00080319,MWI,5918327,5637942,5637942
RBEC,Uzbekistan,Developing climate resilience,https://open.undp.org/projects/00066434,UZB,6189143,5618738,5618738
,,Addressing coastal climate change vulnerabilities,https://open.undp.org/projects/00079688,TUN,5724491,5610437,5610437
RBLAC,Cuba,ECOSYSTEM BASED ADAPTATION ARTEMISA AND MAYABEQUE,https://open.undp.org/projects/00069416,CUB,7735021,5591998,5591998
RBA,Burkina Faso,PROJET DE RENFORCEMENT DES CAPACITES NATIONALES DE RESILIENCE AU BURKINA FASO,https://open.undp.org/projects/00083021,BFA,6402732,5582815,5582815
RBAP,Mongolia,Ecosystem Based Adaptation Approach to Maintaining Water Security in Critical Water Catchments in Mongolia,https://open.undp.org/projects/00062394,MNG,5966251,5544648,5544648
RBA,Malawi,Disaster Risk Management Support to Malawi (2012-2016),https://open.undp.org/projects/00067161,MWI,5666156,5502997,5502997
RBAS,Djibouti,Adaptation Climate Change regions montagneuses,https://open.undp.org/projects/00079962,DJI,7727049,5365268,5365268
RBA,Malawi,Implementing Adaptation Planning,https://open.undp.org/projects/00081840,MWI,5668552,5364198,5364198
RBAP,Pakistan,Comprehensive reduction and elimination of POPs,https://open.undp.org/projects/00081936,PAK,8199516,5330888,5330888
RBEC,Regional Bureau for Europe and the CIS,Kura II: Advancing Water Management (Kura River Basin),https://open.undp.org/projects/00094969,AZE; GEO,6417662,5326268,5326268
RBA,Democratic Republic of the Congo,RESILIENCE DES FEMMES ET ENFANTS AU CC,https://open.undp.org/projects/00082660,COD,6083447,5246503,5246503
RBA,Nigeria,Support To Early Recovery In The North East Of Nigeria,https://open.undp.org/projects/00101256,NGA,5990198,5235721,5235721
RBA,Ghana,Community Resilience through Early Warning (CREW),https://open.undp.org/projects/00072067,GHA,5410590,5187266,5187266
RBLAC,Costa Rica,FORTALECIMIENTO CAPACIDADES ASADAS,https://open.undp.org/projects/00084063,CRI,5111980,4971980,4971980
RBLAC,Haiti,Appui au Programme,https://open.undp.org/projects/00057026,HTI,5928028,4963668,4963668
RBA,Malawi,National Climate Resilience Programme,https://open.undp.org/projects/00116269,MWI,6053979,4952178,4952178
RBA,Benin,Strengthening the resilience of rural livelihoods and sub-national government system to climate risks and variability,https://open.undp.org/projects/00107827,BEN,5305603,4917948,4917948
RBAS,Iraq,Mosul Dam Emergency Preparedness in Iraq,https://open.undp.org/projects/00118833,IRQ,7181993,4904474,4904474
RBAP,Cambodia,Cambodian rural livelihoods,https://open.undp.org/projects/00085641,KHM,4976107,4804951,4804951
RBA,Kenya,Governance for DRR in Kenya,https://open.undp.org/projects/00079449,KEN,4995758,4710208,4710208
RBEC,Ukraine,Bioenergy Technologies,https://open.undp.org/projects/00074537,UKR,5217394,4646289,4646289
RBA,Burkina Faso,Programme dâ€™Appui aux Parcs de lâ€™Entente: Interventions dans les aires protÃ©gÃ©es-Phase II,https://open.undp.org/projects/00085938,BFA; BEN; NER,5197708,4625253,4625253
RBA,Kenya,Stabilization and Recovery,https://open.undp.org/projects/00125338,KEN,4928645,4602092,4602092
RBAS,Syria,EC Scaling-up Emergency Restoration & Stabilization,https://open.undp.org/projects/00086568,SYR,5544606,4588299,4588299
RBEC,Tajikistan,Health System Strengthening in Tajikistan,https://open.undp.org/projects/00104446,TJK,6415130,4566035,4566035
RBA,Mauritius,Integrated Water Resources Management,https://open.undp.org/projects/00060592,MUS,5591885,4500000,4500000
RBAS,Sudan,Building resilience in the face of climate change,https://open.undp.org/projects/00130072,SDN,12394678,4486296,4486296
RBA,Mauritius,Mainstreaming Biodiversity into the management of CZM,https://open.undp.org/projects/00090446,MUS,6135121,4402764,4402764
RBA,Benin,SystÃ¨me Alertes PrÃ©cauces,https://open.undp.org/projects/00074268,BEN,4543338,4379050,4379050
RBA,Namibia,Sustainable Management of Namibias Forested Lands (NAFO,https://open.undp.org/projects/00082143,NAM,4929747,4359232,4359232
RBA,Guinea,Programme Environnement et Gest. Durable du Capital Nat,https://open.undp.org/projects/00107168,GIN,5628899,4347492,4347492
,,Apoyo al Catastro y Titulacion en la Cuenca Hidrografica,,PAN,4563473,4328114,4328114
RBAP,Samoa,Ridge to Reef Approach in Cook Islands_Full Size,https://open.undp.org/projects/00084399,COK,5817223,4288302,4288302
RBEC,Belarus,WETLANDS FORESTS BIODIVERSITY,https://open.undp.org/projects/00090217,BLR,4501836,4286226,4286226
RBAS,Djibouti,Adaptation aux effets du Changement Climatique,https://open.undp.org/projects/00066414,DJI,6332940,4285316,4285316
RBAP,Samoa,Niue Ridge to Reef,https://open.undp.org/projects/00078842,NIU,5513214,4217837,4217837
RBAP,Fiji,Effective and responsive island-level governance to secure and diversify climate resilient marine-based coastal livelihoods and enhance climate hazard response capacity,https://open.undp.org/projects/00073054,TUV,4885918,4169441,4169441
RBA,Guinea,Gestion IntÃ©grÃ©e des Ressources Naturelles,https://open.undp.org/projects/00107166,GIN,4830630,4068906,4068906
RBA,Guinea,Renf. Resilience Moyens DExistance CommunaurÃ©s GKM,https://open.undp.org/projects/00072521,GIN,4181936,4051110,4051110
RBA,Burkina Faso,Programme dAmÃ©lioration des Moyens dExistence Durables,https://open.undp.org/projects/00116732,BFA,6067421,4023391,4023391
RBA,Mali,Programme dâ€™Appui Ã  la Gestion de lâ€™Environnement et la Promotion du DÃ©veloppement Durable au Mali (PAGEDD),https://open.undp.org/projects/00061686,MLI,4508889,4000588,4000588
RBLAC,Colombia,EstabilizaciÃ³n y Paz Territorial,https://open.undp.org/projects/00109981,COL,6160730,3970084,3970084
RBEC,Tajikistan,Water Supply and Sanitation in Tajikistan,https://open.undp.org/projects/00070081,TJK,4803375,3968163,3968163
RBAS,Morocco,Renforcement opÃ©rationnel du 4C Maroc,https://open.undp.org/projects/00109738,MAR,4657844,3917406,3917406
RBLAC,Haiti,RÃ©silience aux dÃ©sastres dÃ©partement Nord,https://open.undp.org/projects/00084890,HTI,4570344,3899570,3899570
RBA,Nigeria,PIMS 2047 -Niger Delta Biodiversity Conservation Project,https://open.undp.org/projects/00061066,NGA,4345213,3873264,3873264
RBAS,Prog for Palestinian People,Solid Waste management,https://open.undp.org/projects/00109210,PSE,4823202,3868760,3868760
RBLAC,Cuba,ALASS Autoabastecimiento local para una alimentaciÃ³n sos,https://open.undp.org/projects/00118495,CUB,5836859,3814928,3814928
RBAP,Fiji,TV Ridge to Reef,https://open.undp.org/projects/00086015,TUV,4367819,3771553,3771553
RBLAC,Costa Rica,"Wetlands - Conservation, sustainable use of biodiversity",https://open.undp.org/projects/00076970,CRI,3915359,3705843,3705843
RBAS,Sudan,Promoting the use of electric water pumps for irrigation,https://open.undp.org/projects/00087168,SDN,5589861,3699119,3699119
RBAP,Fiji,TV Resilience to Climate Change,https://open.undp.org/projects/00058214,TUV,3955276,3697987,3697987
RBAS,Egypt,Adaptation to Climate Change in the Nile Delta,https://open.undp.org/projects/00057676,EGY,4114078,3672031,3672031
RBAS,Sudan,Solar for Agriculture Development in Sudan,https://open.undp.org/projects/00106169,SDN,9209111,3664243,3664243
RBLAC,Panama,Responsabilidad SocioAmbiental Cuenca Canal,https://open.undp.org/projects/00099142,PAN,5287238,3650197,3650197
,,Suriname Climate Adaptation Actions,https://open.undp.org/projects/00083024,SUR,4390627,3619338,3619338
RBEC,Tajikistan,Technology Transfer for Small-Hydropower in Tajikistan,https://open.undp.org/projects/00061194,TJK,3733334,3569434,3569434
RBA,Namibia,Scaling up community resilience to climate variability,https://open.undp.org/projects/00083204,NAM,3979931,3548858,3548858
RBLAC,Brazil,Sustainable Land Use Management in the Semiarid Region of Northeast Brazil - Sergipe,https://open.undp.org/projects/00083642,BRA,5260647,3514425,3514425
RBAS,Lebanon,Sustainable land management,https://open.undp.org/projects/00081592,LBN,4086289,3391492,3391492
RBEC,Republic of Moldova,Migration and Local Development,https://open.undp.org/projects/00087156,MDA,3357382,3373388,3373388
RBA,Kenya,4KEN Sustainable Blue Economy Conference,https://open.undp.org/projects/00113221,KEN,3821158,3332030,3332030
RBA,Togo,RÃ©silience des communautÃ©s et des Ã©cosystÃ¨mes,https://open.undp.org/projects/00117913,TGO,3459600,3293247,3293247
RBEC,Republic of North Macedonia,Restoration of Strumica River Basin,https://open.undp.org/projects/00079273,MKD,3563028,3261720,3261720
RBEC,Uzbekistan,JP Building the Resilience of Local Comm in the Aral Sea,https://open.undp.org/projects/00123059,UZB,3364588,3215580,3215580
RBLAC,Panama,ProtecciÃ³n de Sumideros de Carbono,https://open.undp.org/projects/00075063,PAN,5295448,3157550,3157550
RBEC,Kyrgyzstan,Biodiversity of Western Tian Shan,https://open.undp.org/projects/00097902,KGZ,4277653,3155301,3155301
RBAS,Tunisia,Programme de renforcement des cap Nat et Locales en RRC,https://open.undp.org/projects/00098883,TUN,3326183,3092702,3092702
RBAP,Timor-Leste,Safeguarding rural communities and their physical assets,https://open.undp.org/projects/00106661,TLS,7101607,3085284,3085284
RBA,Togo,Changements climatiques et Ã©nergie,https://open.undp.org/projects/00114341,TGO,3014000,3083213,3083213
RBA,Sierra Leone,Adaptive Capacity of Water Services to Climate Change,https://open.undp.org/projects/00074076,SLE,3415469,3051825,3051825
RBAP,Sri Lanka,Climate change adaptation and food security,https://open.undp.org/projects/00091122,LKA,3206977,2857166,2857166
RBEC,Bosnia and Herzegovina,Flood recovery - Housing interventions in Federation of Bosnia and Herzegovina with Arbeiter-Samariter-Bund (ASB),https://open.undp.org/projects/00105032,BIH,3945192,2844669,2844669
RBA,Democratic Republic of the Congo,"Sustainable energy for women empowerment, agriculture",https://open.undp.org/projects/00087442,COD,3709733,2835755,2835755
RBA,Mali,Fonds Commun de Renforcement des Capacities du Secreteriat,https://open.undp.org/projects/00059873,MLI,2844236,2804581,2804581
RBEC,Bosnia and Herzegovina,Flood recovery - Housing interventions in Federation of Bosnia and Herzegovina with Hilfswerk Austria International (HWA),https://open.undp.org/projects/00105033,BIH,3994629,2786711,2786711
RBEC,Republic of Moldova,Advanced cross-river capacities for trade,https://open.undp.org/projects/00104938,MDA,2882280,2723693,2723693
RBAP,Fiji,MH Water Security Project (GCF),https://open.undp.org/projects/00098709,MHL,3128440,2696744,2696744
RBA,Ethiopia,Livelihood & Recovery Gedeo Guji,https://open.undp.org/projects/00134506,ETH,2848057,2677520,2677520
RBLAC,Ecuador,ConservaciÃ³n de anfibios,https://open.undp.org/projects/00086955,ECU,3217479,2648257,2648257
RBLAC,Uruguay,URU/09/G31-ContaminaciÃ³n en el RÃ­o de la Plata,https://open.undp.org/projects/00057766,URY,3345918,2614123,2614123
RBA,Guinea,Support for the development of aquaculture,https://open.undp.org/projects/00114679,GIN,3131615,2612957,2612957
RBAP,Indonesia,GEF - Arafura & Timor Seas Action Prog. (ATSEA 2) Region,https://open.undp.org/projects/00111335,IDN,3009149,2610937,2610937
RBEC,Kazakhstan,Small Grants Programme in Kazakhstan,https://open.undp.org/projects/00102856,KAZ,2657617,2606637,2606637
RBA,Democratic Republic of the Congo,APPUI AU RELEVEMENT,https://open.undp.org/projects/00134305,COD,5635642,2594403,2594403
RBLAC,Ecuador,National Adaptation Plan,https://open.undp.org/projects/00101840,ECU,3076582,2584446,2584446
RBAP,Philippines,Enhancing Greater Metro Manilaâ€™s (GMMA)Institutional Cap,https://open.undp.org/projects/00061036,PHL,2750531,2563787,2563787
RBAS,Syria,Emergency Support to Strengthen the Resilience,https://open.undp.org/projects/00100923,SYR,2636889,2530575,2530575
RBAS,Djibouti,USAID-Crisis Recovery Support,https://open.undp.org/projects/00125686,DJI,3594935,2526037,2526037
RBAP,Sri Lanka,Small Grants project,https://open.undp.org/projects/00085746,LKA,3489620,2516434,2516434
RBAP,Myanmar,Rakhine Area Based -Triple Nexus Project (RTNP),https://open.undp.org/projects/00139333,MMR,3540774,2512038,2512038
RBAP,Fiji,Ridge to Reef - Bio Diversity & Ecosystem protection,https://open.undp.org/projects/00084678,NRU,2839078,2510563,2510563
RBLAC,Ecuador,GestiÃ³n Integrada de Recursos HÃ­dricos de las Cuencas Tr,https://open.undp.org/projects/00083398,ECU,3197825,2500841,2500841
RBA,Mali,Gestion et amÃ©lioration EcosystÃ¨me Ã©lÃ©phants du Gourma,https://open.undp.org/projects/00108261,MLI,5126728,2499492,2499492
RBEC,Bosnia and Herzegovina,UNDP Flood recovery - Housing FBIH,https://open.undp.org/projects/00105031,BIH,3433086,2498837,2498837
RBLAC,Uruguay,Programa de Mejoramiento de Barrios III (PMB III),https://open.undp.org/projects/00130942,URY,2789889,2442715,2442715
RBLAC,Colombia,PROTOTIPO DE CIENCIA E INNOVACIÃ“N EN COMUNIDADES,https://open.undp.org/projects/00107781,COL,5548563,2440071,2440071
RBA,Sierra Leone,Strengthening Access to Health Care and Community Led De,https://open.undp.org/projects/00095444,SLE,2517878,2433220,2433220
RBAS,Djibouti,Economic recovery and resilient livelihoods,https://open.undp.org/projects/00107644,DJI,2909125,2413887,2413887
RBA,Ghana,Ghana Shea Landscape Emission Reductions Project,https://open.undp.org/projects/00102734,GHA,2701413,2406889,2406889
RBLAC,Haiti,Renforcement de la capacitÃ© de lUCP des Projets PPI,https://open.undp.org/projects/00092199,HTI,2693434,2405737,2405737
RBA,Senegal,PLAN NATIONAL ADAPTATION SENEGAL,https://open.undp.org/projects/00110519,SEN,4015255,2390079,2390079
RBLAC,Costa Rica,MONITOREO DE AGUAS SUBTERRANEAS,https://open.undp.org/projects/00084168,CRI,3007534,2381437,2381437
RBLAC,Costa Rica,Programa de PequeÃ±as Donaciones (PPD OP VI)  Fase Seis,https://open.undp.org/projects/00084065,CRI,2602213,2323126,2323126
RBA,Congo Brazzaville,RÃ©ponse au relÃ¨vement,https://open.undp.org/projects/00114192,COG,2907733,2303556,2303556
RBA,Togo,Rationalizing Togo PA System - PIMS 4220/FSP,https://open.undp.org/projects/00060926,TGO,2613313,2299133,2299133
RBAS,Sudan,Emergency Response in Sudan,https://open.undp.org/projects/00133172,SDN,3084674,2289507,2289507
RBA,Malawi,Transformational Adaptation to Climate Resilience,https://open.undp.org/projects/00126010,MWI,3659240,2276202,2276202
RBAS,Jordan,Mainstreaming Rio Convention Provisions into National Sectoral Policies,https://open.undp.org/projects/00085728,JOR,2584946,2243690,2243690
RBAP,Pakistan,Pakistan Snow Leopard and Ecosystem,https://open.undp.org/projects/00088620,PAK,4283699,2193349,2193349
RBA,Congo Brazzaville,Catalisation de la gestion durable des forÃªts sur le site des zones humides transfrontaliÃ¨res des lacs TÃ©lÃ© et Tumba.,https://open.undp.org/projects/00061704,COD; COG,2572703,2184122,2184122
RBA,Cabo Verde,CV - Appliances & Building Energy - Efficiency (CABEEP),https://open.undp.org/projects/00088659,CPV,2660678,2168969,2168969
RBLAC,Brazil,BRA/11/001 - Support to Biodiversity Convention,https://open.undp.org/projects/00062222,BRA,9211964,2142339,2142339
RBA,Burkina Faso,Accelerator Lab â€“ BFA,https://open.undp.org/projects/00119381,BFA,2764424,2104913,2104913
RBA,Ethiopia,Sheger Resilience Program,https://open.undp.org/projects/00129473,ETH,3625081,2083581,2083581
RBAS,Lebanon,Lebanese Centre for Water Conservation and Management,https://open.undp.org/projects/00058662,LBN,2495759,2054818,2054818
RBAS,Djibouti,UNDP RESPONSE TO THE CRISIS IN DJIBOUTI,https://open.undp.org/projects/00123842,DJI,2967296,2051981,2051981
RBAS,Lebanon,Lebanon Environmental Pollution Abatement Project,https://open.undp.org/projects/00079305,LBN,3248037,2033078,2033078
RBLAC,Cuba,Sector productivo y econÃ³mico Huracan IRMA,https://open.undp.org/projects/00107582,CUB,3133263,1984149,1984149
RBAP,China,FSP-Strengthening PA system in Qinghai,https://open.undp.org/projects/00096253,CHN,2733982,1979907,1979907
RBA,Democratic Republic of the Congo,Projet dappui Ã  la mise en Å“uvre du CDN en RDC,https://open.undp.org/projects/00117571,COD,3421120,1977631,1977631
RBLAC,Costa Rica,II FASE ASISTENCIA TÃ‰CNICA MONITOREO AGUAS SUBTERRÃNEAS,https://open.undp.org/projects/00096154,CRI,3939435,1944546,1944546
RBAP,Myanmar,Rebuilding a Post-Coup Democratic Myanmar,https://open.undp.org/projects/00135420,MMR,3465471,1915137,1915137
RBEC,Regional Bureau for Europe and the CIS,integrated water resources management in the Dniester River basin,https://open.undp.org/projects/00103544,Regional Center Istanbul,2869099,1903457,1903457
,,"CLIMA-EAST: CONSERVATION AND SUSTAINABLE MANAGEMENT OF PEATLANDS IN BELARUS TO MINIMIZE CARBON EMISSIONS AND HELP ECOSYSTEMS TO ADAPT TO CLIMATE CHANGE, WHILE CONTRIBUTING TO THE OVERALL MITIGATION AND ADAPTATION EFFORT.",https://open.undp.org/projects/00070895,BLR,2009559,1894837,1894837
RBAP,Indonesia,Cross-Cutting Capacity Development (CCCD) - Full,https://open.undp.org/projects/00090780,IDN,2270837,1877768,1877768
RBA,Mali,Accelerator Lab â€“ Mali,https://open.undp.org/projects/00119445,MLI,2225894,1866285,1866285
RBEC,Kyrgyzstan,Capacity building in Environment,https://open.undp.org/projects/00109172,KGZ,2266561,1845909,1845909
RBLAC,Panama,Apoyo a la modernizaciÃ³n de la gestiÃ³n ambiental,https://open.undp.org/projects/00082182,PAN,2876714,1832734,1832734
RBAS,Lebanon,Land degradation neutrality of mountain landscapes,https://open.undp.org/projects/00098955,LBN,2175042,1815508,1815508
RBLAC,Chile,ReducciÃ³n Vulnerabilidad ClimÃ¡tica,https://open.undp.org/projects/00125286,CHL,2028268,1806958,1806958
RBEC,Georgia,Multi Hazard Warning-SIDA,https://open.undp.org/projects/00113228,GEO,2482169,1802199,1802199
,,Renforcement des capacitÃ©s agricoles aux comores,https://open.undp.org/projects/00103777,COM,2254476,1797778,1797778
RBAS,Prog for Palestinian People,Improved Water and Waste Water in Gaza Strip,https://open.undp.org/projects/00094074,PSE,2087027,1790666,1790666
RBA,Sierra Leone,Efficient Energy Production and Utilization of Cookstove,https://open.undp.org/projects/00081156,SLE,2110857,1780062,1780062
,,Conservation and sustainable use of biodiversity in coastal marine production landscapes. (Sustainable Azuero/Azuero Sostenible),https://open.undp.org/projects/00099240,PAN,1851142,1778358,1778358
RBAP,Fiji,Tonga Ridge to Reef (R2R),https://open.undp.org/projects/00077082,TON,1949937,1759724,1759724
RBEC,Bosnia and Herzegovina,Municipal Environmental Governance Project (Phase II),https://open.undp.org/projects/00094439,BIH,2101275,1745400,1745400
RBLAC,Colombia,IMPLEMENTACION NAMA TECNOLOGIA,https://open.undp.org/projects/00089717,COL,1894586,1726478,1726478
RBAP,Sri Lanka,Strategic support to disaster management,https://open.undp.org/projects/00078432,LKA,1865857,1709827,1709827
RBAS,Iraq,Providing safe drinking water to Basrahâ€™s population,https://open.undp.org/projects/00131182,IRQ,3022833,1697860,1697860
RBA,Congo Brazzaville,PIMS 5612-Integrated and Transb-TRIDOM,https://open.undp.org/projects/00092643,COG,1970173,1681491,1681491
,,Women and Youth for Innovative Local Development ,https://open.undp.org/projects/00110246,ARM,2025294,1643974,1643974
RBA,Côte d’Ivoire,Renforcement Integration Adaptation dans planification,https://open.undp.org/projects/00100008,CIV,2536696,1626457,1626457
RBAP,India,Enhancing Effectiveness of Tribal Dev,https://open.undp.org/projects/00110079,IND,2729152,1618559,1618559
RBLAC,Ecuador,CAF Vuln climÃ¡tica,https://open.undp.org/projects/00121247,ECU,2290214,1606375,1606375
RBA,Malawi,Malawi â€“ China Post-Disaster Recovery Partnership,https://open.undp.org/projects/00123350,MWI,2048213,1602246,1602246
RBAS,Jordan,Disaster Risk Reduction & Climate Change,https://open.undp.org/projects/00061985,JOR,2129032,1588155,1588155
RBEC,Bosnia and Herzegovina,Democratic Green Economic Development,https://open.undp.org/projects/00050813,BIH,1918303,1580754,1580754
RBEC,Republic of Moldova,CC and DRR in water sector,https://open.undp.org/projects/00111725,MDA,1954935,1552826,1552826
RBAP,Nepal,Promoting Green Recovery through effective and improved,https://open.undp.org/projects/00133945,NPL,1943300,1550002,1550002
RBA,Liberia,Mainstreaming Energy & Environment Programme,https://open.undp.org/projects/00126149,LBR,1931218,1546935,1546935
RBLAC,Mexico,Rec. temprana y resiliente de comunidades ante COVID19,https://open.undp.org/projects/00127483,MEX,2001435,1525498,1525498
RBAS,Morocco,Adaptation changement climatique dans les oasis,https://open.undp.org/projects/00058671,MAR,1753639,1523151,1523151
RBA,Seychelles,Global Climate Change Alliance Seychelles Programme,https://open.undp.org/projects/00092970,SYC,2532342,1518944,1518944
RBA,Rwanda,Strengthening DRM Capacity in Rwanda(MINEMA),https://open.undp.org/projects/00117442,RWA,1606368,1517358,1517358
RBA,Equatorial Guinea,PIMS 4185 SUSTAINABLE FOREST MANAGEMENT IN EQUATORIAL GU,https://open.undp.org/projects/00060590,GNQ,1934987,1504984,1504984
Global,HQ Unit,"Integrating Water, Land and Ecosystems Management in Car",https://open.undp.org/projects/00082779,ATG; BRB; CUB; DOM; GRD; KNA; LCA; TTO; VCT,3627755,1499999,1499999
RBAP,Papua New Guinea,Building Resilience to Climate Change in PNG,https://open.undp.org/projects/00100578,PNG,1771309,1499578,1499578
RBLAC,Cuba,Mi Costa -Coastal Resilience by Ecosystem Based Adaption,https://open.undp.org/projects/00095204,CUB,2115102,1497242,1497242
RBAP,Fiji,Pacific Insurance and Climate Adaptation Programme,https://open.undp.org/projects/00130025,VUT; SLB; PNG; WSM; TON; KIR; COK; NIU; TUV; FSM; NRU; MHL,1823014,1492126,1492126
RBLAC,Costa Rica,7th Operational Phase SGP,https://open.undp.org/projects/00119761,CRI,1754609,1478204,1478204
RBAS,Egypt,Regional Basel Convention Center,https://open.undp.org/projects/00064373,EGY,2127731,1469353,1469353
RBEC,Kazakhstan,Engagement Facility to support country programme,https://open.undp.org/projects/00125105,KAZ,3135990,1448621,1448621
RBAP,Nepal,Developing Climate Resilient Livelihoods,https://open.undp.org/projects/00127610,NPL,3493672,1437447,1437447
RBAS,Morocco,Renforcement capacitÃ©s faibles Ã©missions au Maroc,https://open.undp.org/projects/00061792,MAR,1910986,1434106,1434106
RBA,Gabon,Services dinformation climat,https://open.undp.org/projects/00119479,GAB,1608725,1425212,1425212
RBAS,Iraq,Catalytic Climate Action in Iraq,https://open.undp.org/projects/00139778,IRQ,3955061,1423245,1423245
RBAP,Timor-Leste,Supporting Flood Response and Recovery project,https://open.undp.org/projects/00135499,TLS,1523871,1412280,1412280
RBEC,Uzbekistan,Addressing the urgent human insecurities in the Aral Sea,https://open.undp.org/projects/00123193,UZB,1415913,1388683,1388683
RBAS,Lebanon,Solid waste and Wastewater management,https://open.undp.org/projects/00106573,LBN,1441955,1383505,1383505
RBA,Mali,AmÃ©lioration Environnement avec communautÃ©s ONG/OCB,https://open.undp.org/projects/00060166,MLI,1357692,1347305,1347305
RBAP,Bhutan,National Adaptation Plan (NAP),https://open.undp.org/projects/00080724,BTN,2901974,1328312,1328312
RBLAC,Peru,GestiÃ³n Integrada Recursos HÃ­dricos,https://open.undp.org/projects/00083826,PER; ECU,1335000,1306178,1306178
RBLAC,Cuba,FINANCING MECHANISMS IN SUSTAINABLE LAND MANAGEMENT,https://open.undp.org/projects/00085072,CUB,1922126,1292993,1292993
RBEC,Turkey,Resource Efficiency in Agriculture & Agrobased Ind.GAP,https://open.undp.org/projects/00096620,TUR,1499060,1291952,1291952
RBAP,Pakistan,Balochistan SDGs Acceleration Project,https://open.undp.org/projects/00112279,PAK,2502194,1261487,1261487
RBEC,Bosnia and Herzegovina,Via Dinarica: A Platform for Sustainable Tourism Development and Local Economic Growth ,https://open.undp.org/projects/00083882,BIH,1456978,1257495,1257495
RBAP,China,FSP-Flyways,https://open.undp.org/projects/00096248,CHN,2465631,1246759,1246759
RBAP,Cambodia,Collaborative Management for Watershed and Ecosystem,https://open.undp.org/projects/00090509,KHM,1488565,1244191,1244191
RBAS,Morocco,Climat AT&RC DÃ©veloppement Durable Inclusif,https://open.undp.org/projects/00105395,MAR,1926263,1236280,1236280
RBEC,Kyrgyzstan,Climate resilience of the Batken province,https://open.undp.org/projects/00117027,KGZ,1561347,1220413,1220413
RBLAC,Cuba,Emergencia SequÃ­a Region Oriental Fase II,https://open.undp.org/projects/00113800,CUB,1665097,1216112,1216112
RBA,Uganda,Enhancing Conjunctive Management of Surface &Ground H02,https://open.undp.org/projects/00118810,UGA; BDI; ETH; KEN; RWA; SDN; TZA,3319687,1193252,1193252
RBA,Seychelles,Seychelles Ridge to Reef Project,https://open.undp.org/projects/00116471,SYC,3898914,1189733,1189733
RBAP,India,Resilience building of Communities in Guwahati & Ranchi,https://open.undp.org/projects/00107177,IND,1786650,1186668,1186668
RBAS,Lebanon,"Institutional Strengthening of the Min.Environment,Ph.II",https://open.undp.org/projects/00098956,LBN,2493435,1163644,1163644
RBAP,Timor-Leste,The ACCESS project,https://open.undp.org/projects/00126532,TLS,2700742,1162431,1162431
RBA,Democratic Republic of the Congo,Plan National dâ€™Adaptation-PNA,https://open.undp.org/projects/00111325,COD,1890191,1128476,1128476
RBAP,China,Water Governance Programme,https://open.undp.org/projects/00136804,CHN,2540000,1120771,1120771
RBEC,Turkey,Every Drop Matters,https://open.undp.org/projects/00045776,ALB; ARM; AZE; BIH; BGR; HRV; GEO; KAZ; KGZ; MKD; MDA; MNE; ROU; SRB; TJK; TUR; TKM; UZB; RUS; UKR; BLR,1548859,1115766,1115766
RBAP,Philippines,Promoting Water and Sanitation Access,https://open.undp.org/projects/00082882,PHL,1272430,1115695,1115695
RBA,Nigeria,Addressing Critical Information and coord Gaps for Recov,https://open.undp.org/projects/00104159,NGA,1465814,1115417,1115417
RBA,Mauritius,Strengthening ANBO OMVS,https://open.undp.org/projects/00097214,Africa continent,1816012,1105128,1105128
RBLAC,Jamaica,Strengthening Human Resilience,https://open.undp.org/projects/00104739,JAM,1499562,1085466,1085466
RBAP,China,China-MOFCOM Trilateral,https://open.undp.org/projects/00078499,MWI,5914753,1055862,1055862
RBAS,Egypt,Participatory Strategic Planning for Balanced Spatial Development,https://open.undp.org/projects/00107093,EGY,1157079,1055560,1055560
RBLAC,Cuba,Hydrometeorological Early Warninig Sytems (EWS) of Zaza and Agabama,https://open.undp.org/projects/00086663,CUB,1409852,1035585,1035585
RBAS,Sudan,Updating Sudan Nationally Determined Contributions (NDC),https://open.undp.org/projects/00122414,SDN,1453463,1020904,1020904
RBAP,Fiji,Climate Early Warning Systems in PICs (SSC),https://open.undp.org/projects/00105013,FJI,2208232,1018241,1018241
RBEC,Kosovo,Crossborder Drin Basin management,https://open.undp.org/projects/00086486,XKX,1230648,1003222,1003222
RBLAC,Cuba,AdaptÃ¡ndonos a la sequÃ­a en Santiago de Cuba,https://open.undp.org/projects/00103066,CUB,2095607,1000448,1000448
RBEC,Kyrgyzstan,Transboundary Cooperation in Chu and Talas River Basin,https://open.undp.org/projects/00081980,KGZ; KAZ,1188011,999890,999890
RBA,Uganda,NAMA on Integrated Waste Management and Biogas in Uganda,https://open.undp.org/projects/00100437,UGA,3771198,987788,987788
RBAP,Fiji,Integrating global environment commitments in investment and development decision-making,https://open.undp.org/projects/00083083,SLB,1092577,977738,977738
RBEC,Tajikistan,Facilitating Climate Resilience in Tajikistan,https://open.undp.org/projects/00104060,TJK,963251,964682,964682
RBA,Namibia,Resilient Informal Food Systems,https://open.undp.org/projects/00129047,NAM,1306872,957477,957477
RBA,Togo,RÃ©duction de la pauvretÃ© et localisation des OMD,https://open.undp.org/projects/00049972,TGO,945887,947086,947086
RBLAC,Paraguay,Accelerator Lab â€“ Paraguay,https://open.undp.org/projects/00121773,PRY,1163712,942797,942797
RBLAC,Costa Rica,CREACION DE CAPACIDADES TRASVERSALES,https://open.undp.org/projects/00076472,CRI,1058825,937874,937874
,,NAP-2: Advancing Moldova’s National Climate Change Adaptation Planning,https://open.undp.org/projects/00104945,MDA,1218913,933592,933592
RBLAC,Venezuela (Bolivarian Republic of),Apoyo a hospitales,https://open.undp.org/projects/00120437,VEN,1306942,928160,928160
RBA,Togo,PIMS 4460_CCCD Togo-Strengthening Nat. & Decentr. Mgt,https://open.undp.org/projects/00077674,TGO,939687,915344,915344
RBA,Namibia,Improving Hepatitis E Response Namibia,https://open.undp.org/projects/00118230,NAM,925342,886612,886612
RBLAC,Costa Rica,International waters SIXAOLA,https://open.undp.org/projects/00118025,CRI; PAN,1273197,881080,881080
RBAS,Syria,Strength Humanitarian Recovery and Resilience in Aleppo,https://open.undp.org/projects/00106909,SYR,876542,875660,875660
RBAP,China,Response to COVID-19 in Asia and the Pacific Region,https://open.undp.org/projects/00132932,CHN,1036566,866024,866024
RBA,Gabon,Sustainable Management of the Mbe River Forested,https://open.undp.org/projects/00061912,GAB,1118147,865147,865147
RBAP,Philippines,SHIELD - UNDP,https://open.undp.org/projects/00128629,PHL,1241390,860912,860912
RBAP,Myanmar,Integrated Protected Area Land And Seascape Management,https://open.undp.org/projects/00089107,MMR,967196,854849,854849
RBLAC,Cuba,Third National Communication and First Biennial Update Report to the UNFCCC,https://open.undp.org/projects/00085069,CUB,872499,850804,850804
,,7th UNFCCC report,https://open.undp.org/projects/00106702,BLR,958092,847151,847151
RBEC,Tajikistan,Strengthening Disaster Risk Governance in Tajikistan,https://open.undp.org/projects/00097337,TJK,1032232,835189,835189
RBEC,Kazakhstan,"Irrigation and drainage in Kazakhstan,capacity building",https://open.undp.org/projects/00097216,KAZ,1613427,833420,833420
RBEC,Azerbaijan,â€œNational Adaptation Plan (NAP),https://open.undp.org/projects/00125580,AZE,1668177,830732,830732
RBEC,Tajikistan,Building Climate Resilience in Agriculture and Water Se,https://open.undp.org/projects/00114009,TJK,1133285,830337,830337
RBEC,Armenia,Hydro-meteorological Service Modernization,https://open.undp.org/projects/00111782,ARM,802886,799822,799822
RBLAC,Mexico,FSP - Env. Sound Mngmnt and Destruction of PCBs Phase 2,https://open.undp.org/projects/00084933,MEX,2382891,798176,798176
RBAS,Sudan,"Water, Sanitation, and Hygiene to sustain and expand access to safe water supply",https://open.undp.org/projects/00061729,SDN,729738,783401,783401
RBA,Swaziland,Accelerator Lab - Eswatini,https://open.undp.org/projects/00120274,SWZ,905162,775046,775046
RBLAC,Haiti,Installation Pompes Solaires,https://open.undp.org/projects/00128342,HTI,1858988,766122,766122
RBLAC,Cuba,Empleo Autoabastecimiento COVID-19,https://open.undp.org/projects/00127038,CUB,1421423,765303,765303
RBA,Swaziland,Increasing Farmer Resilience to Climate Change,https://open.undp.org/projects/00110491,SWZ,1097833,765226,765226
RBEC,Tajikistan,Integrated landscape approach to climate resilience,https://open.undp.org/projects/00113350,TJK,4166021,763973,763973
RBAP,China,Resilience Community Construction in Zhouqu County,https://open.undp.org/projects/00121313,CHN,1206884,757390,757390
RBA,Swaziland,Strengthening EWS & Climate Services in Eswatini,https://open.undp.org/projects/00119853,SWZ,1106790,750206,750206
RBA,Congo Brazzaville,Appui gestÂ° durables-Econ. Forest. & Diver. Ã©conomique,https://open.undp.org/projects/00099760,COG,1190759,749426,749426
RBLAC,Guatemala,AGUA POTABLE Y SANEAMIENTO PARA EL DESARROLL,https://open.undp.org/projects/00085086,GTM,1088579,739976,739976
RBA,Ghana,Accelerator Lab- Ghana,https://open.undp.org/projects/00120467,GHA,957779,734688,734688
RBAP,Fiji,Managing risks associated with the Gold Ridge Mine TSF,https://open.undp.org/projects/00097191,SLB,724790,721103,721103
RBEC,Uzbekistan,Enhancing Multi-Hazard Early Warning System,https://open.undp.org/projects/00120487,UZB,1096350,720691,720691
RBEC,Turkey,Environment and social resilience,https://open.undp.org/projects/00114367,TUR,791900,685502,685502
RBLAC,Cuba,Objetivos de Desarrollo Sostenioble (ODS) SequÃ­a Santiago de Cuba,https://open.undp.org/projects/00098032,CUB,751040,684726,684726
RBA,Guinea,Gestion DÃ©centralisÃ©e l'Environnement Convention  RIO,https://open.undp.org/projects/00086659,GIN,720496,678668,678668
RBAP,Cambodia,Integrated Natural Resource Management (INRM),https://open.undp.org/projects/00088934,KHM,2485197,667032,667032
RBEC,Republic of Moldova,Dniester Impact Study,https://open.undp.org/projects/00109975,MDA,921689,653449,653449
RBAP,Cambodia,Medical Waste Management-CoVID19,https://open.undp.org/projects/00133431,KHM,930203,652708,652708
RBAP,Fiji,PACIFIC COASTAL AQUIFERS,https://open.undp.org/projects/00112065,MHL; PLW; TUV,1852260,647612,647612
RBA,Kenya,Strengthening Public Accountability & Integrity Systems,https://open.undp.org/projects/00126130,KEN,659881,646124,646124
RBEC,Tajikistan,Leveraging Nationally Determined Contributions (NDCs) to,https://open.undp.org/projects/00142399,TJK,970546,626418,626418
RBA,Ethiopia,Acc. Tech capacity of MoWIE-Climate Resilient WASH,https://open.undp.org/projects/00114791,ETH,670221,624079,624079
RBAP,Maldives,Eliminating POPs through sound management of chemicals,https://open.undp.org/projects/00097168,MDV,1008745,622684,622684
RBAS,Djibouti,PIMS 5921 Sustaniable water resources management,https://open.undp.org/projects/00106642,DJI,783280,614154,614154
,,The Governance Reform Fund (GRF),https://open.undp.org/projects/00136398,GEO,1111016,607604,607604
RBAP,Philippines,BD Corridor Management,https://open.undp.org/projects/00096757,PHL,954314,598257,598257
RBAS,Tunisia,Supporting the acceleration of the NDC ambition,https://open.undp.org/projects/00123693,TUN,781894,592746,592746
RBLAC,Haiti,Renforcement des capacites de prevention des risques,https://open.undp.org/projects/00138903,HTI,822034,588452,588452
RBEC,Montenegro,Supporting Montenegroâ€™s NAP,https://open.undp.org/projects/00100486,MNE,843163,588391,588391
RBLAC,Uruguay,Proyecto Regional URU-ARG - AdaptaciÃ³n al CC Rio Uruguay,https://open.undp.org/projects/00131001,URY; ARG,873112,580987,580987
RBA,Ghana,WASH in Disaster Prone Communities in Northern Ghana,https://open.undp.org/projects/00084102,GHA,584689,578917,578917
,,Climate Change and Resilience in Central Asia,https://open.undp.org/projects/00133016,TJK; KGZ; UZB,690277,573065,573065
RBLAC,Ecuador,Manejo integrado cuencas binacionales Colombia - Ecuador,https://open.undp.org/projects/00085035,ECU,809641,566885,566885
RBAP,Philippines,Support Recovery & Building-Resilience for Typhoon Rai,https://open.undp.org/projects/00141807,PHL,950000,552318,552318
RBA,Comoros,Preparatory assistance for the formulation of a resilien,https://open.undp.org/projects/00095583,COM,610080,552222,552222
,,"Enabling Gender-Responsive Disaster Recovery, Climate an",,SUR,1123621,537851,537851
RBAP,Philippines,UNDP Programme on Early Recovery,https://open.undp.org/projects/00115529,PHL,573636,534106,534106
,,Support for the recovery of communal aqueducts affected by heavy rains in the Huetar Norte region of Costa Rica by strengthening response capacities and improving information systems for infrastructure-based adaptation with a vision of resilience.,https://open.undp.org/projects/00135317,CRI,559862,522488,522488
RBLAC,Ecuador,Resiliencia de la poblaciÃ³n,https://open.undp.org/projects/00117452,ECU,591950,517282,517282
RBA,Kenya,4KEN10401:  Access to Clean Energy Services in Kenya,https://open.undp.org/projects/00059169,KEN,525101,510191,510191
RBEC,Turkey,SDG Impact Accelerator Pilot Phase,https://open.undp.org/projects/00118638,TUR,544486,509806,509806
RBA,Botswana,Integrated Water Resources Management for Southern Afric,https://open.undp.org/projects/00045537,BWA,583906,509624,509624
RBLAC,Bolivia,Acceso al agua en el departamento del Beni,https://open.undp.org/projects/00109765,BOL,694268,499840,499840
RBAP,Philippines,Local Governance and Decentralization,https://open.undp.org/projects/00074386,PHL,506503,482773,482773
RBA,Guinea,Renforcement CapacitÃ©s Elaboration PNA FVC,https://open.undp.org/projects/00094653,GIN,1225818,463287,463287
RBAS,Sudan,Support Democratic Transition and Economic Recovery,https://open.undp.org/projects/00137506,SDN,1434406,449012,449012
RBAP,China,Drinking Water Safety,https://open.undp.org/projects/00107506,CHN,688127,433081,433081
RBEC,Tajikistan,"Tajikistan Water Supply and Sanitation Projec, Phase III",https://open.undp.org/projects/00107566,TJK,642158,428525,428525
RBAP,Regional Bureau for Asia and the Pacific,ROK Mekong,https://open.undp.org/projects/00144127,KHM; LAO,829807,428214,428214
RBLAC,Paraguay,Mapeo de Inversiones para el Desarrollo Sostenible,https://open.undp.org/projects/00123355,PRY,424307,422875,422875
RBEC,Armenia,Supporting Nationally Determined Contributions Towards C,https://open.undp.org/projects/00142417,ARM,812671,412850,412850
RBA,Ethiopia,Towards SI Riverside Devt AA,https://open.undp.org/projects/00120804,ETH,422150,408345,408345
RBA,Sierra Leone,ENVIRONMENTAL PROTECTION AND CONSERVATION,https://open.undp.org/projects/00117364,SLE,383000,378635,378635
RBEC,Kazakhstan,Integrated Dryland and Drought Management in South Kazak,https://open.undp.org/projects/00103256,KAZ,422246,372131,372131
RBA,Liberia,Monrovia Metropolitan Climate RP,https://open.undp.org/projects/00136229,LBR,1023781,367091,367091
RBA,South Africa,Emergency Support to Crisis in Kwazulu-Natal,https://open.undp.org/projects/00143595,ZAF,400000,366832,366832
RBA,Burundi,Protection de lEnvironnement,https://open.undp.org/projects/00142281,BDI,366000,355369,355369
RBLAC,Paraguay,Apoyo a la preparaciÃ³n del Segundo Informe Bienal de ActualizaciÃ³n de Paraguay ante la Conferencia de las Partes en la ConvenciÃ³n Marco de las Naciones Unidas sobre el Cambio ClimÃ¡tico (CMNUCC),https://open.undp.org/projects/00105722,PRY,352000,349233,349233
RBAS,Lebanon,Second Biennial Update Report,https://open.undp.org/projects/00094935,LBN,377179,348355,348355
RBA,Mauritius,Engagement Facility for Climate Promise,https://open.undp.org/projects/00117994,MUS,349932,345919,345919
,,Sustainable Water Resource Management,https://open.undp.org/projects/00136810,YEM,465585,345917,345917
RBEC,Armenia,EU4Sevan - Lake Sevan ecosystem management,https://open.undp.org/projects/00129871,ARM,563708,341745,341745
RBLAC,Brazil,Desenvolvimento SustentÃ¡vel no Oeste do ParanÃ¡,https://open.undp.org/projects/00097580,BRA,356252,341320,341320
RBAS,Libya,Libyan electricity & water sector stabilization support,https://open.undp.org/projects/00135006,LBY,655444,334257,334257
RBAP,India,SDGCC in Nagaland,https://open.undp.org/projects/00119967,IND,392614,315656,315656
RBLAC,Haiti,Elaboration de projets Green Climate Fund,https://open.undp.org/projects/00107538,HTI,366200,309432,309432
RBEC,Regional Bureau for Europe and the CIS,PIMS4736: Regional SAP for Nubian SAS,https://open.undp.org/projects/00106577,TCD; EGY; LBY; SDN,3995849,309256,309256
RBLAC,Bolivia,Accelerator Lab - Bolivia,https://open.undp.org/projects/00130654,BOL,434392,306047,306047
RBAS,Algeria,Integrated Management Plan for the Guerbes-Sanhadja Wetl,https://open.undp.org/projects/00115200,DZA,606526,299771,299771
RBAP,Pakistan,Glaciers & Students,https://open.undp.org/projects/00144462,PAK,454647,298681,298681
RBLAC,Guatemala,Accelerator Lab - Guatemala,https://open.undp.org/projects/00129394,GTM,380766,295009,295009
,,Strengthening Community Flood Early Warning Systems (CFEWS) in Trinidad and Tobago ,https://open.undp.org/projects/00135925,TTO,423811,294961,294961
RBAP,Philippines,Reducing Pollution and Preserving Environmental Flows in the East Asian Seas,https://open.undp.org/projects/00104032,PHL; KHM; IDN; MYS; MMR; THA; VNM,318754,287417,287417
RBAP,Fiji,Kiribati POIDIER Full Size Project,https://open.undp.org/projects/00103226,KIR,2333334,282865,282865
RBEC,Kyrgyzstan,Development of National Adaptation Plan,https://open.undp.org/projects/00121528,KGZ,1641903,277593,277593
RBAP,Indonesia,PIMS 6393 FOLUR Indonesia FSP,https://open.undp.org/projects/00127927,IDN,375000,275905,275905
RBEC,Republic of Moldova,Transnistrian Dialogues,https://open.undp.org/projects/00110795,MDA,321600,271361,271361
RBAP,Philippines,PPG BD Corridor Management,https://open.undp.org/projects/00100503,PHL,289195,270966,270966
RBLAC,Uruguay,URU/16/001 GestiÃ³n compartida de la Cuenca del RÃ­o Santa,https://open.undp.org/projects/00094259,URY,290703,270689,270689
RBAP,Regional Bureau for Asia and the Pacific,ROK Solar Irrigation,https://open.undp.org/projects/00144124,KHM; MMR,1393597,269194,269194
RBLAC,Mexico,RecuperaciÃ³n Temprana en comunidades tormenta CristÃ³bal,https://open.undp.org/projects/00129467,MEX,414357,268697,268697
RBEC,Montenegro,Low Carbon and resource efficient development,https://open.undp.org/projects/00119018,MNE,446916,258452,258452
RBAP,Fiji,FJ Ridge to Reef Approach PPG,https://open.undp.org/projects/00074333,FJI,288304,247064,247064
RBEC,Serbia,"Basel, Rotterdam, Stockholm and Minamata Conventions",https://open.undp.org/projects/00099637,SRB,311227,245820,245820
RBA,South Africa,Support to the Orange-Senqu River,https://open.undp.org/projects/00088725,ZAF; BWA; NAM; LSO,250047,244697,244697
RBAP,Sri Lanka,National dev planning fin supp for SL,https://open.undp.org/projects/00127154,LKA,400824,241839,241839
RBLAC,Uruguay,URU/14/002 Fortalecimiento Institucional de la DirecciÃ³n,https://open.undp.org/projects/00082210,URY,669290,234609,234609
RBLAC,Cuba,ReducciÃ³n del Riesgo de sequÃ­a e inundaciones,https://open.undp.org/projects/00103071,CUB,301007,232015,232015
RBA,Mali,Plates Formes Multifonctionnelles,https://open.undp.org/projects/00095457,MLI,238000,230762,230762
RBAP,Fiji,Pacific Coastal Aquifer Protection,https://open.undp.org/projects/00111621,PLW; MHL; TUV,257402,225676,225676
RBLAC,Dominican Republic,Plataforma Rescate Ozama,https://open.undp.org/projects/00127940,DOM,571228,224840,224840
RBA,Congo Brazzaville,Appui aux changements climatiques,https://open.undp.org/projects/00125411,COG,600892,223671,223671
RBAS,Sudan,Darfur Community Peace and Stability Fund 2020 COVID-19,https://open.undp.org/projects/00128632,SDN,271808,219559,219559
RBAP,Bhutan,Advancing Climate Resilience of Water Sector in Bhutan,https://open.undp.org/projects/00093875,BTN,264088,219415,219415
RBEC,Uzbekistan,Assisted Afforestation of the Vulnerable Terrains,https://open.undp.org/projects/00145541,UZB,500002,217089,217089
RBAS,Lebanon,Decentralised Waste management Integrated Response,https://open.undp.org/projects/00135923,LBN,847980,214055,214055
RBLAC,Paraguay,Apoyo a la respuesta y recuperaciÃ³n COVID-19,https://open.undp.org/projects/00127855,PRY,219698,212452,212452
RBA,Togo,AmÃ©lioration de la Gouvernance de l'eau au Togo,https://open.undp.org/projects/00082650,TGO,219468,212030,212030
RBA,Mali,Conservation des Ã©lÃ©phants du Gourma,https://open.undp.org/projects/00097382,MLI,364347,208141,208141
RBLAC,Dominican Republic,Plataforma para la gestiÃ³n de plÃ¡sticos y residuos,https://open.undp.org/projects/00124384,DOM,269737,207832,207832
RBA,Guinea,Gestion IntÃ©grÃ©e des Ressources Naturelles,https://open.undp.org/projects/00107772,GIN,200001,200000,200000
RBA,Guinea,PPG projet Guinee Forestiere PIMS 6016,https://open.undp.org/projects/00124409,GIN,204001,200000,200000
RBEC,Serbia,Mercury Initial Assessment in the Republic of Serbia,https://open.undp.org/projects/00095474,SRB,200420,199998,199998
RBA,Ghana,Development of Minamata Initial Assessment (MIA,https://open.undp.org/projects/00095383,GHA,205684,199502,199502
RBLAC,Mexico,"Puebla Resiliente ante Desastres, Fase 1",https://open.undp.org/projects/00128418,MEX,311456,199311,199311
RBLAC,Costa Rica,ImplementaciÃ³n de iniciativas con INCOP,https://open.undp.org/projects/00120078,CRI,227797,188402,188402
RBA,South Africa,Integrated Transboundary River Basin Management,https://open.undp.org/projects/00124678,ZAF; BWA; MOZ; ZWE,285639,185155,185155
RBAS,Somalia,Integrated Water Resources Management,https://open.undp.org/projects/00106605,SOM,200000,183848,183848
RBLAC,Mexico,Seguridad hÃ­drica & resiliencia con SBN ante COVID,https://open.undp.org/projects/00129465,MEX,270059,182251,182251
RBEC,Kyrgyzstan,UN Support for Strengthening Disaster Preparedness,https://open.undp.org/projects/00068284,KGZ,397373,176275,176275
RBA,Burkina Faso,Phase prÃ©paratoire PONASI,https://open.undp.org/projects/00108971,BFA,212756,174601,174601
RBEC,Uzbekistan,Leveraging Nationally Determined Contributions (NDCs),https://open.undp.org/projects/00141102,UZB,550630,172014,172014
,,Assistance to the Government of Iraq on Climat change,https://open.undp.org/projects/00059263,IRQ,300001,165058,165058
RBA,Namibia,CUVKUN Water Security&Community Resilience Building,https://open.undp.org/projects/00128662,NAM,300073,164896,164896
RBAP,China,Environmental Governance and Sustainable Development,https://open.undp.org/projects/00110563,CHN,244330,163932,163932
RBA,Gabon,Forest Landscape Governance,https://open.undp.org/projects/00131063,GAB,198463,160010,160010
RBEC,Turkmenistan,Developing a National Adaptation Planning Process in Tur,https://open.undp.org/projects/00102379,TKM,801467,154652,154652
RBA,Benin,RÃ©ponse aux Inondations,https://open.undp.org/projects/00125477,BEN,150000,149530,149530
RBLAC,Colombia,PPG cuenca binacional Mira-Mataje,https://open.undp.org/projects/00109652,COL; ECU,186326,149474,149474
RBAP,Maldives,Eliminating POPs through Sound Management of Chemicals,https://open.undp.org/projects/00104898,MDV,201076,149139,149139
RBEC,Regional Bureau for Europe and the CIS,Dinaric Karst Aquifer System SAP - PPG,https://open.undp.org/projects/00108122,ALB; BIH; HRV; MNE,155399,148772,148772
RBA,Burundi,UNDP CLIMATE PROMISE BURUNDI,https://open.undp.org/projects/00126069,BDI,208147,147893,147893
RBAS,Tunisia,IP-Mobilisation des ressources,https://open.undp.org/projects/00091928,TUN,232151,147848,147848
RBAP,India,Strengthen Chemicals and Environment Initiatives,https://open.undp.org/projects/00121267,IND,180000,143548,143548
RBEC,Kazakhstan,Leveraging Nationally Determined Contributions (NDCs),https://open.undp.org/projects/00142410,KAZ,281896,142827,142827
RBLAC,Haiti,PPG RÃ©silience du secteur Eau,https://open.undp.org/projects/00128057,HTI,157710,139728,139728
RBA,Uganda,Nile Basin Enhancing conjunctive management of surface,https://open.undp.org/projects/00111247,UGA; BDI; ETH; KEN; RWA; SDN; TZA,150000,135696,135696
RBA,Burkina Faso,Climate resilience in the Nakambe Basin,https://open.undp.org/projects/00090369,BFA,136000,134312,134312
RBLAC,Cuba,Emergencia SequÃ­a Santiago Cuba,https://open.undp.org/projects/00098033,CUB,124048,125278,125278
RBAP,Philippines,Multi Hazard Mapping and Community Disaster Preparation,https://open.undp.org/projects/00044511,PHL,450077,122558,122558
RBAP,India,"Disaster Mgt, Relief & Rehab",https://open.undp.org/projects/00136682,IND,141500,122404,122404
RBEC,Ukraine,Sustained Natural Resources,https://open.undp.org/projects/00090467,UKR,193610,120000,120000
RBA,Seychelles,PPG for Ridge to Reef Project Seychelles,https://open.undp.org/projects/00108219,SYC,120000,119885,119885
RBEC,Turkmenistan,Conservation of Land Resourses PPG,https://open.undp.org/projects/00105605,TKM,129377,118394,118394
RBA,Cabo Verde,BiodiversitÃ© et Aires ProtegÃ©s,https://open.undp.org/projects/00012227,CPV,135315,117591,117591
RBEC,Uzbekistan,Sustainable management of lakes and wetlands (PPG),https://open.undp.org/projects/00123056,UZB,112775,116110,116110
RBEC,Tajikistan,Support to Water Initiatives of Tajikistan,https://open.undp.org/projects/00137650,TJK,119000,115255,115255
RBA,Senegal,Senegal entitled EbA in the Ferlo and Plateau of Thies,https://open.undp.org/projects/00131078,SEN,122000,113938,113938
RBLAC,Haiti,Developpement de projets,https://open.undp.org/projects/00134150,HTI,115000,113164,113164
RBAP,Nepal,PIMS 5434 Developing climate resilient livelihoods,https://open.undp.org/projects/00087354,NPL,281555,110769,110769
RBAS,Morocco,Morocco NAP-GCF,https://open.undp.org/projects/00135238,MAR,296193,110006,110006
RBA,Lesotho,Integrated Watershed Management,https://open.undp.org/projects/00112941,LSO,119036,109532,109532
RBEC,Republic of Moldova,Engagement Facility Project for UNDP Moldova,https://open.undp.org/projects/00099822,MDA,458219,107462,107462
RBEC,Armenia,Lake Sevan-Project Preparation Grant stage,https://open.undp.org/projects/00139945,ARM,106460,103927,103927
,,Instrumentos para la Gestión Integrada de Recursos Hídricos en Venezuela.,https://open.undp.org/projects/00140404,VEN,106053,100676,100676
RBEC,Belarus,IP Niemen-Bug,https://open.undp.org/projects/00107972,BLR; UKR; POL; LTU,101505,99999,99999
RBA,Cabo Verde,Immediate Response 2017 Drought in Cabo Verde,https://open.undp.org/projects/00109624,CPV,100000,99822,99822
RBAP,Samoa,Tropical Cyclone GITA Early Recovery,https://open.undp.org/projects/00109936,WSM,100000,99699,99699
RBEC,Tajikistan,Engaging Communities to Access and Effectively Manage Dr,https://open.undp.org/projects/00115560,TJK,104583,98988,98988
RBAS,Djibouti,PPG Land Degradation,https://open.undp.org/projects/00106641,DJI,150654,98449,98449
RBEC,Tajikistan,Enabling an Effective National Adaptation Plan (NAP) Pro,https://open.undp.org/projects/00104152,TJK,812897,97826,97826
RBEC,Tajikistan,Conservation and Sustainable Management,https://open.undp.org/projects/00123811,TJK,101100,91662,91662
RBA,Mauritius,"Strengthening the institutional capacity of African Network of Basin Organization (ANBO), contributing to the improved transboundary water governance in Africa",https://open.undp.org/projects/00097212,ANBO,664014,90913,90913
RBLAC,Panama,Apoyo al Programa Basura cero,https://open.undp.org/projects/00104737,PAN,171447,89493,89493
RBA,Ghana,Ghana multi-stakeholder platform for waste recovery,https://open.undp.org/projects/00111633,GHA,140413,87550,87550
RBA,Côte d’Ivoire,Renforcement Resilience Populations Catastrophes,https://open.undp.org/projects/00112798,CIV,107736,85962,85962
RBA,Mali,SÃ©curitÃ© climatique gestion ressources naturelles,https://open.undp.org/projects/00139608,MLI,91000,84726,84726
RBAS,Egypt,Seventh Operational Phase of the GEF SGP in Egypt,https://open.undp.org/projects/00123340,EGY,153145,84169,84169
RBA,Ghana,Accelerating SDGs in in the Okyeman Area,https://open.undp.org/projects/00132017,GHA,148522,84044,84044
RBEC,Belarus,IP Freshwater Ecosystems,https://open.undp.org/projects/00120169,BLR,203021,79644,79644
RBEC,Republic of Moldova,PPG Sustainable wetland Prut River,https://open.undp.org/projects/00131156,MDA,75400,74679,74679
RBEC,Tajikistan,New World: Inclusive Sustainable Human Development Initi,https://open.undp.org/projects/00107565,TJK,75000,74541,74541
RBLAC,Mexico,Impulso a modelos de Adapt y RRD en contextos de CC,https://open.undp.org/projects/00126578,MEX,106044,74381,74381
RBAS,Egypt,Sixth Operational Phase of the GEF Small Grants Programm,https://open.undp.org/projects/00089272,EGY,107753,70000,70000
RBLAC,Costa Rica,APOYO RECUPERACION NGÃ„BES,https://open.undp.org/projects/00101757,CRI,67600,65771,65771
RBAS,Djibouti,Post-Sagar recovery coordination,https://open.undp.org/projects/00114215,DJI,66593,63422,63422
RBAS,Lebanon,Lebanon Financing Facility,https://open.undp.org/projects/00136487,LBN,178864,61196,61196
RBLAC,Brazil,IPC106275 PNUD Studies and proposal for Measures SDG 6,https://open.undp.org/projects/00106275,BRA,142920,61023,61023
RBAS,Lebanon,Protection of the Litani river,https://open.undp.org/projects/00111422,LBN,72516,60764,60764
RBAS,Jordan,"GCF -water efficiency in Agr, sector",https://open.undp.org/projects/00099691,JOR,60000,60730,60730
RBAS,Tunisia,Support to post disaster needs assessment in Nabeul,https://open.undp.org/projects/00114489,TUN,60182,59763,59763
RBAP,Indonesia,Seventh OP GEF-SGP in Indonesia,https://open.undp.org/projects/00141259,IDN,227304,58491,58491
RBAS,Djibouti,Data for Food Security Preparedness,https://open.undp.org/projects/00144414,DJI,125000,51831,51831
RBEC,Tajikistan,Emergency assistance to mudflow affected population of K,https://open.undp.org/projects/00128831,TJK,77519,50700,50700
RBAS,Djibouti,Rehabilitation infrastrustures agricoles,https://open.undp.org/projects/00106811,DJI,400000,49174,49174
RBAP,Fiji,Fiji LMMA Project (PPG),https://open.undp.org/projects/00109881,FJI,95304,48704,48704
RBAS,Morocco,Sustainable Cities Impact Program - Morocco,https://open.undp.org/projects/00128412,MAR,50000,48466,48466
RBAS,Prog for Palestinian People,PAL/ 95R52 Upgarding of Hebron Sewage System,https://open.undp.org/projects/00044853,PSE,46691,46690,46690
RBA,Burkina Faso,Phase prÃ©paratoire Projet d'Assurance Climatique,https://open.undp.org/projects/00103744,BFA,111732,43451,43451
RBEC,Uzbekistan,"Conservation and sustainable management of lakes, wetlan",https://open.undp.org/projects/00120486,UZB,44889,42603,42603
RBEC,Turkmenistan,Conservation of Land Resources FSP,https://open.undp.org/projects/00128715,TKM,128744,41376,41376
RBAS,Somalia,Somalia Humanitarian Flood Response Fund,https://open.undp.org/projects/00045672,SOM,41086,40783,40783
RBAP,Philippines,Accelerating Green and Climate Finance,https://open.undp.org/projects/00130666,PHL,60500,34767,34767
RBA,Ghana,Innovative Financing basic sanitation & waste Management,https://open.undp.org/projects/00131159,GHA,26958,26958,26958
RBEC,Tajikistan,"Technical Support to Tajikistan Water Sector Reform, TS-",https://open.undp.org/projects/00138713,TJK,68580,26316,26316
RBLAC,Paraguay,Monitoreo de Bosques y Usos de la Tierra Chaco Paraguayo,https://open.undp.org/projects/00142688,PRY,53376,22890,22890
RBLAC,Paraguay,GestiÃ³n Ambiental,https://open.undp.org/projects/00135318,PRY,16880,16277,16277
RBEC,Tajikistan,Support to Water Initiatives of Tajikistan,https://open.undp.org/projects/00126008,TJK,20000,15681,15681
RBAP,India,Evidence for transmission aid,https://open.undp.org/projects/00143067,IND,128993,14138,14138
RBEC,Republic of Moldova,AdTrade Phase III,https://open.undp.org/projects/00139199,MDA,14300,12529,12529
RBA,Benin,SUPPORT TO NDC BENIN,https://open.undp.org/projects/00136084,BEN,378000,12099,12099
RBEC,Republic of Moldova,Sustainable management of Dniester II Phase,https://open.undp.org/projects/00139217,MDA,469263,9022,9022
RBLAC,Colombia,Cuencas binacionales Mira Mataje y Carchi-GuÃ¡itara,https://open.undp.org/projects/00114639,COL; ECU,751983,8389,8389
RBAP,Philippines,SGP OP7,https://open.undp.org/projects/00119604,PHL,142012,5870,5870
RBLAC,Colombia,Paramos para la vida,https://open.undp.org/projects/00115172,COL,2433543,4516,4516
,,SHILED - NRC,https://open.undp.org/projects/00140485,PHL,145488,4416,4416
,,SHILED - PBSP,https://open.undp.org/projects/00140488,PHL,95634,2430,2430
RBEC,Tajikistan,Improvement of Water Resources Management in Khatlon,https://open.undp.org/projects/00138716,TJK,92124,1862,1862
RBLAC,Mexico,Fort. com rurales y costeras ante cambio climÃ¡tico,https://open.undp.org/projects/00144292,MEX,97794,854,854
RBLAC,Paraguay,Mejoramiento de la Transparencia Climatica en Paraguay,https://open.undp.org/projects/00145261,PRY,302428,852,852
,,SHIELD - CBCS,https://open.undp.org/projects/00140487,PHL,139925,807,807
RBAS,Morocco,DÃ©veloppement Territorial IntÃ©grÃ© et Durable Sidi Ifni,https://open.undp.org/projects/00093597,MAR,10000,0,0
RBLAC,Venezuela (Bolivarian Republic of),APOYO A LOS SISTEMAS NACIONALES DE SERVICIOS PUBLICOS,https://open.undp.org/projects/00115045,VEN,56500001,0,0
RBAP,Maldives,Implementing Sustainable Low & non-Chemical Development,https://open.undp.org/projects/00128540,SYC,23351,0,0
,,Impulso a la InversiÃ³n Social en Resiliencia en MÃ©xico,https://www.undp.org/es/mexico/proyectos/inversion-social-con-resiliencia,MEX,512000,0,0
RBEC,Serbia,Vlasina Pure Love Phase 1,https://open.undp.org/projects/00145921,SRB,7830,0,0
RBEC,Serbia,Biodiversity and Water,https://open.undp.org/projects/00147066,SRB,1,0,0
RBA,Lesotho,Integrated Watershed Management`,https://open.undp.org/projects/00097375,LSO,2101826,-2638,0
,,Projet de Renforcement des capacités de gestion des ressources en eau pour une adaptation aux changements climatiques   ACCE,https://pims.undp.org/project-attachment?projectId=4188,COM,2720000,,0
,,Gouvernance de lâ€™eau potable en milieu rural (Tunisie),https://open.undp.org/projects/00060762,TUN,2472153,2273622,2273622
,,Validation of SLM Models at Landscape Scale,,CUB,1290500,,0
,,Integrated and Sustainable Management of PONASI Protected Area Landscape,,BFA,5479452,19145,19145
,,Promoting the development of photovoltaic pumping systems for irrigation,,MAR,3281045,2595404,2595404
,,Strengthening climate resilience of agricultural livelihoods in Agro-Ecological Regions I and II in Zambia,,ZMB,22885072,15825001,15825001
,,Conserving biodiversity through sustainable management in production  landscapes in Costa Rica,http://paisajesproductivos.org/,CRI,7263979,6684411,6684411
,,Improving Adaptive Capacity and Risk Management of Rural Communities in Mongolia,,MNG,3031316,1505543,1505543
,,Conserving biodiversity and reducing land degradation using a Ridge-to-Reef approach,,VCT,4461578,769046,769046
,,Sector-driven National Adaptation Plan (NAP) to advance medium- and long-term adaptation planning in Uzbekistan,https://open.undp.org/projects/00104259,UZB,1611944,513288,513288
,,Global Programme on Nature for Development,,GLOBAL,22174780,15591745,15591745
,,Integrated management of production landscapes to deliver multiple global environmental benefits,,AGO,5108933,861697,861697
,,Conservation and sustainable management of wetlands with focus on high-nature value areas in the Prut River basin,,MDA,863242,,0
,,"Enhancing adaptive capacities of coastal communities, especially women, to cope with climate change induced salinity",,BGD,24980000,11220870,11220870
,,Planning and Financing for Climate Change Adaptation (CCA) in Niger,,NER,9075000,1361176,1361176
,,Integrating climate change adaptation into sustainable development pathways of Bangladesh,,BGD,5780000,,0
,,Community-based Management of Tanguar Haor Wetland in Bangladesh,,BGD,4050913,,0
,,Integrated climate-resilient transboundary flood risk management in the Drin River basin in the Western Balkans,,ALB; MNE; MKD,9150000,4010660,4010660
,,Promoting sustainable landscapes in the Motagua River Watershed,,GTM,11162802,,0
,,Watershed approaches for climate resilience in agro-pastoral landscapes,,SSD,5108933,,0
,,Improving the flow of ecosystem services in biologically-rich watersheds of the Southern region of Haiti,,HTI,5055479,,0
,,Supporting an inclusive transition to a “green” economy in the Agri-food sector and development of a “climate-smart” Uzbek Agriculture Knowledge and Innovation System (EU-AGRIN),https://open.undp.org/projects/00129151,UZB,4897415,357058,357058
,,Transformational Adaptation for Climate Resilience in Malawi (TRANSFORM),,MWI,4416210,,0
